snapshot_date,username,department,account_type,enabled,mfa_method
2026-04-30,adm-lchen,IT,admin,true,fido2
2026-04-30,adm-kadeyemi,IT,admin,true,certificate
2026-04-30,l.chen,IT,user,true,fido2
2026-04-30,k.adeyemi,IT,user,true,fido2
2026-04-30,p.ward,Dispatch,user,true,app_push
2026-04-30,b.silva,Dispatch,user,true,app_push
2026-04-30,j.baker,Dispatch,user,true,none
2026-04-30,d.romero,Warehouse,user,true,app_push
2026-04-30,c.foster,Warehouse,user,true,totp
2026-04-30,g.hughes,Warehouse,user,true,sms
2026-04-30,t.nguyen,Warehouse,user,true,none
2026-04-30,m.duarte,Maintenance,user,true,app_push
2026-04-30,h.kim,Finance,user,true,app_push
2026-04-30,s.patel,Finance,user,true,none
2026-04-30,e.mensah,Quality,user,true,app_push
2026-04-30,n.ali,HR,user,true,app_push
2026-04-30,r.osei,Sales,user,true,sms
2026-04-30,a.boateng,Sales,user,true,app_push
2026-04-30,wms.vendor,External,guest,true,fido2
2026-04-30,svc-wms,IT,service,true,none
2026-05-31,adm-lchen,IT,admin,true,fido2
2026-05-31,adm-kadeyemi,IT,admin,true,certificate
2026-05-31,l.chen,IT,user,true,fido2
2026-05-31,k.adeyemi,IT,user,true,fido2
2026-05-31,p.ward,Dispatch,user,true,app_push
2026-05-31,b.silva,Dispatch,user,true,app_push
2026-05-31,j.baker,Dispatch,user,true,none
2026-05-31,d.romero,Warehouse,user,true,app_push
2026-05-31,c.foster,Warehouse,user,true,totp
2026-05-31,g.hughes,Warehouse,user,true,sms
2026-05-31,t.nguyen,Warehouse,user,true,app_push
2026-05-31,m.duarte,Maintenance,user,true,app_push
2026-05-31,h.kim,Finance,user,true,app_push
2026-05-31,s.patel,Finance,user,true,windows_hello
2026-05-31,e.mensah,Quality,user,true,app_push
2026-05-31,n.ali,HR,user,true,app_push
2026-05-31,r.osei,Sales,user,true,sms
2026-05-31,a.boateng,Sales,user,true,app_push
2026-05-31,wms.vendor,External,guest,true,fido2
2026-05-31,svc-wms,IT,service,true,none
2026-06-30,adm-lchen,IT,admin,true,fido2
2026-06-30,adm-kadeyemi,IT,admin,true,certificate
2026-06-30,l.chen,IT,user,true,fido2
2026-06-30,k.adeyemi,IT,user,true,fido2
2026-06-30,p.ward,Dispatch,user,true,app_push
2026-06-30,b.silva,Dispatch,user,true,app_push
2026-06-30,j.baker,Dispatch,user,true,totp
2026-06-30,d.romero,Warehouse,user,true,app_push
2026-06-30,c.foster,Warehouse,user,true,totp
2026-06-30,g.hughes,Warehouse,user,true,app_push
2026-06-30,t.nguyen,Warehouse,user,true,app_push
2026-06-30,m.duarte,Maintenance,user,true,app_push
2026-06-30,h.kim,Finance,user,true,windows_hello
2026-06-30,s.patel,Finance,user,true,windows_hello
2026-06-30,e.mensah,Quality,user,true,app_push
2026-06-30,n.ali,HR,user,true,app_push
2026-06-30,r.osei,Sales,user,true,sms
2026-06-30,a.boateng,Sales,user,true,app_push
2026-06-30,wms.vendor,External,guest,true,fido2
2026-06-30,svc-wms,IT,service,true,none
2026-07-31,adm-lchen,IT,admin,true,fido2
2026-07-31,adm-kadeyemi,IT,admin,true,certificate
2026-07-31,l.chen,IT,user,true,fido2
2026-07-31,k.adeyemi,IT,user,true,fido2
2026-07-31,p.ward,Dispatch,user,true,fido2
2026-07-31,b.silva,Dispatch,user,true,app_push
2026-07-31,j.baker,Dispatch,user,true,totp
2026-07-31,d.romero,Warehouse,user,true,app_push
2026-07-31,c.foster,Warehouse,user,true,totp
2026-07-31,g.hughes,Warehouse,user,true,app_push
2026-07-31,t.nguyen,Warehouse,user,true,app_push
2026-07-31,m.duarte,Maintenance,user,true,app_push
2026-07-31,h.kim,Finance,user,true,windows_hello
2026-07-31,s.patel,Finance,user,true,windows_hello
2026-07-31,e.mensah,Quality,user,true,app_push
2026-07-31,n.ali,HR,user,true,app_push
2026-07-31,r.osei,Sales,user,true,sms
2026-07-31,a.boateng,Sales,user,true,app_push
2026-07-31,wms.vendor,External,guest,true,fido2
2026-07-31,svc-wms,IT,service,true,none
2026-08-31,adm-lchen,IT,admin,true,fido2
2026-08-31,adm-kadeyemi,IT,admin,true,certificate
2026-08-31,l.chen,IT,user,true,fido2
2026-08-31,k.adeyemi,IT,user,true,fido2
2026-08-31,p.ward,Dispatch,user,true,fido2
2026-08-31,b.silva,Dispatch,user,true,app_push
2026-08-31,j.baker,Dispatch,user,true,totp
2026-08-31,d.romero,Warehouse,user,true,app_push
2026-08-31,c.foster,Warehouse,user,true,totp
2026-08-31,g.hughes,Warehouse,user,true,app_push
2026-08-31,t.nguyen,Warehouse,user,true,app_push
2026-08-31,m.duarte,Maintenance,user,true,app_push
2026-08-31,h.kim,Finance,user,true,windows_hello
2026-08-31,s.patel,Finance,user,true,windows_hello
2026-08-31,e.mensah,Quality,user,true,fido2
2026-08-31,n.ali,HR,user,true,app_push
2026-08-31,r.osei,Sales,user,true,sms
2026-08-31,a.boateng,Sales,user,true,app_push
2026-08-31,wms.vendor,External,guest,true,fido2
2026-08-31,svc-wms,IT,service,true,none
2026-09-30,adm-lchen,IT,admin,true,fido2
2026-09-30,adm-kadeyemi,IT,admin,true,certificate
2026-09-30,l.chen,IT,user,true,fido2
2026-09-30,k.adeyemi,IT,user,true,fido2
2026-09-30,p.ward,Dispatch,user,true,fido2
2026-09-30,b.silva,Dispatch,user,true,app_push
2026-09-30,j.baker,Dispatch,user,true,totp
2026-09-30,d.romero,Warehouse,user,true,app_push
2026-09-30,c.foster,Warehouse,user,true,totp
2026-09-30,g.hughes,Warehouse,user,true,app_push
2026-09-30,t.nguyen,Warehouse,user,true,app_push
2026-09-30,m.duarte,Maintenance,user,true,app_push
2026-09-30,h.kim,Finance,user,true,windows_hello
2026-09-30,s.patel,Finance,user,true,windows_hello
2026-09-30,e.mensah,Quality,user,true,fido2
2026-09-30,n.ali,HR,user,true,app_push
2026-09-30,r.osei,Sales,user,true,sms
2026-09-30,a.boateng,Sales,user,true,app_push
2026-09-30,wms.vendor,External,guest,true,fido2
2026-09-30,svc-wms,IT,service,true,none
